Prešovský kraj;
;
Okres Prešov;
obecabranovce@gmail.com;
starosta@bajerov.sk;
info@bertotovce.sk;
obec@brestov.sk;
starosta@bretejovce.sk;
obecbrezany.po@gmail.com;
bzenov@onlinenet.sk;
info@obeccelovce.sk;
cervenica@gmail.com;
obec@obecdemjata.sk;
ocu@drienov.sk;
obecny.urad@drienovskanovaves.sk;
dulovaves@gmail.com;
podatelna@fintice.sk;
starosta@obecfricovce.sk;
obec@fulianka.sk;
obecgeraltov@gmail.com;
starosta@obecgregorovce.sk;
ekonom@obechaniska.sk;
obec@hendrichovce.sk;
hermanovce@zoznam.sk;
hrabkov@hrabkov.sk;
obec.chmelov@gmail.com;
obec.chmelovec@gmail.com;
obec@obec-chminany.sk;
obec@chminianska.sk;
obec@chminianskejakubovany.sk;
janov@onlinenet.sk;
starosta@janovik.sk;
kapusany@kapusany.sk;
obeckendice@gmail.com;
obecklenov@gmail.com;
obec@kojatice.sk;
obeckokosovce@presnetsk.net;
obeckrizovany@gmail.com;
obeckvacany@centrum.sk;
sekretariat@obeclada.sk;
lazany.obec@gmail.com;
obec@lemesany.sk;
obec@licartovce.eu;
starosta@lipniky.sk;
obec@lipovce.eu;
urad@lubotice.eu;
obeclubovec@ocu.sk;
starosta@lucina.sk;
obecmalyslivnik@juko.sk;
ocu@malysaris.sk;
medzany@obecmedzany.sk;
obec@miklusovce.sk;
obecmirkovce65@gmail.com;
mosurov@gmail.com;
obecnemcovcepo@gmail.com;
obecokruzna@azet.sk;
ondrasovce@post.sk;
ovcie@ovcie.sk;
petrovany@petrovany.sk;
starosta@podhorany.eu;
obecpodhradik@gmail.com;
mesto.radnica@presov.sk;
obec.proc@gmail.com;
obecpusovce@gmail.com;
obecradatice@onlinenet.sk;
obecrokycany@gmail.com;
ruskanovaves@gmail.com;
obecsedlice@sedlice.sk;
obec.seniakovce@zoznam.sk;
obecsdolina@gmail.com;
obecsvinia@obecsvinia.sk;
sarisskaporuba@sarisskaporuba.sk;
obecstrstena@gmail.com;
starosta@sarisskebohdanovce.sk;
obec@sindliar.sk;
obec@siroke.sk;
starosta@stefanovce.sk;
obec@teriakovce.sk;
starosta@terna.sk;
ocu.trnkov@gmail.com;
obectuhrina@gmail.com;
obec@tulcik.sk;
obec@obecvarhanovce.sk;
info@velkyslivnik.sk;
info@velkysaris.sk;
starosta@obecvitaz.sk;
urad@vysnasebastova.sk;
obeczaborske@gmail.com;
starosta@obeczahradne.sk;
obec@zlatabana.sk;
zehnaobec@gmail.com;
obeczipov1@gmail.com;
obec@zupcany.sk;
sekretariat@lesicek.sk;
;
Okres Sabinov;
obec@bajerovce.sk;
sekretariat@obecbodovce.sk;
obec@brezovicanadtorysou.sk;
ocubrezovicka@gmail.com;
obec@cervenavoda.sk;
starosta@cervenica.eu;
obecdacov@gmail.com;
obec.daletice@gmail.com;
obec@drienica.sk;
info@obecdubovica.sk;
obec@hanigovce.sk;
obec.hubosovce@slavconet.sk;
starosta@jakovany.sk;
obec@jakubovavola.sk;
starosta@obecjakubovany.sk;
jarovnice@jarovnice.sk;
kamenica@kamenica.sk;
podatelna@krasnaluka.sk;
obec@krivany.sk;
sekretariat@lipany.sk;
obec@obeclucka.sk;
starosta@lutina.sk;
milpos@milpos.sk;
niznyslavkov@niznyslavkov.sk;
obecolejnikov@gmail.com;
starosta@obecolsov.sk;
obecostrovany@obecostrovany.sk;
obec@pecovska.sk;
starosta@poloma.sk;
obecratvaj@centrum.sk;
raznany@raznany.sk;
obec.rencisov@post.sk;
obec@rozkovany.sk;
msu@sabinov.sk;
ocu@sardravce.sk;
obec@sarisskemichalany.sk;
ocu@sarisskesokolovce.sk;
obectp@gmail.com;
starosta@obectorysa.sk;
starosta@uzovce.sk;
starosta@uzovskepeklany.sk;
uzovskysalgov@uzovskysalgov.sk;
obecvysoka@gmail.com;
;
Košický kraj;
;
Okres Košice;
sekretariatprimatora@kosice.sk;
sekretariat@barca.sk;
mu.dzungla@post.sk;
urad@kosicejuh.sk;
info@kosicekavecany.sk;
mcknv@netkosice.sk;
urad@lorincik.eu;
lunik9@centrum.sk;
starosta@myslava.eu;
urad@mcperes.sk;
info@kosicesever.sk;
sekret@mckvp.sk;
starosta@kosice-city.sk;
saca@saca.sk;
info@tahanovce.eu;
starosta@vysneopatske.sk;
mutah@tahanovce.sk;
starosta@polov.sk;
miestnyurad@kosicezapad.sk;
m-urad@kosice-dh.sk;
kosicekrasna@kosicekrasna.sk;
sekretariat@jazerokosice.sk;
mcsebastovce@netkosice.sk;
;
Okres Košice okolie;
obecny.urad@backovik.sk;
urad@baska-obec.sk;
info@belza.dcom.sk;
obecbeniakovce@centrum.sk;
obecbidovce@netkosice.sk;
info@blazice.sk;
info@bociar.sk;
bohdanovce@azet.sk;
obecboliarov@netkosice.sk;
podatelna@obecbudimir.eu;
ocu@bukovec.sk;
obecbunetice@centrum.sk;
buzica@obecbuzica.sk;
cestice89@gmail.com;
obec@cakanovce.eu;
obeccana@centrum.sk;
obec@cecejovce.sk;
obeccizatice@centrum.sk;
adrianna.gergely.papp@debrad.sk;
obec@drienovec.sk;
obec@druzstevna.sk;
podatelna@obecdurdosik.sk;
obecdurkov@durkov.sk;
info@dvornikyvčelare.sk;
ougeca@obecgeca.sk;
sekretariat@obecgynov.sk;
ocuhacava@gmail.com;
obechaj@kid.sk;
haniska@haniska.sk;
obecherlany@netkosice.sk;
hodkovce@hodkovce.eu;
hostovce1263@gmail.com;
ocuhrasovik@hrasovik.sk;
hylov@centrum.sk;
obecchorvaty@centrum.sk;
obecchrastne@netkosice.sk;
info@obecjanik.sk;
info@jasov.sk;
ocukalsa@kalsa.eu;
ou@obeckecerovce.sk;
obec@kecerovskylipovec.sk;
starosta@kechnec.sk;
obeckoksov-baksa@koksov-baksa.dcom.sk;
info@komarovce.sk;
obec@kostolany.sk;
obeckosickabela@gmail.com;
starosta@kosickapolianka.sk;
obec@kosickeolsany.sk;
info@kosickyklecenov.sk;
obeckralovce@gmail.com;
info@kysak.sk;
malaida@malaida.sk;
malalodina@post.sk;
mesto@medzev.sk;
sekretariat@obecmilhost.eu;
info@mokrance.sk;
msu@moldava.sk;
obec@mudrovce.sk;
obecniznamysla@netkosice.sk;
obecniznakamenica@netkosice.sk;
ocu@niznamysla.sk;
niznycaj@netkosice.sk;
info@niznyklatov.sk;
obecniznylanec@centrum.sk;
sekretariat@novapolhora.sk;
novacanyocu@gmail.com;
sekretariat@novysalas.sk;
info@obisovce.sk;
info@obecolsovany.sk;
obecopatka@gmail.com;
obecopina@centrum.sk;
obecpanovce@gmail.com;
peder@peder.sk;
perin-chym@perín-chym.sk;
obecploske@netkosice.sk;
sekretariat@poproc.sk;
sekretariat_ke@obecrakos.sk;
ocu@obecrankovce.sk;
starosta@resica.sk;
obec@rozhanovce.com;
obec.rudnik@eposta.sk;
ocu@obecruskov.sk;
ocusady@gmail.com;
obecsena@obecsena.sk;
ocu.skaros@skaros.sk;
obec@slancik.sk;
starosta@slanec.sk;
slanskahuta.starosta@zoznam.sk;
obec@slanskenovemesto.sk;
starosta@obecsokol.sk;
sokolany.starosta@gmail.com;
podatelna@obecsvinica.sk;
obecsemsa@semsa.sk;
stos1@post.sk;
sekretariat@trebejov.sk;
obectrstany@gmail.com;
info@trsteneprihornade.sk;
turna@turnanadbodvou.sk;
turnianskanovaves@centrum.sk;
obecvajkovce@netkosice.sk;
obec@valaliky.sk;
obec@velkaida.sk;
velkalodina@post.sk;
ou@vtackovce.sk;
info@vysnahutka.sk;
obecvysnakamenica@netkosice.sk;
podatelna@vysnamysla.sk;
vysny.caj@post.sk;
starosta@vysnyklatov.sk;
info@vysnymedzev.sk;
starostaoz@gmail.com;
zlataidka@zlataidka.sk;
sekretariat@zarnov.sk;
starostazdana@zdana.dcom.sk;
;
Okres Gelnica;
sekretariat@gelnica.sk;
"	helcmanovce@helcmanovce.sk";
obechenclova@demax.sk;
hrisovce@hrisovce.sk;
starosta@jaklovce.sk;
obec@kluknava.sk;
starosta@kojsov.sk;
starosta@margecany.sk;
obec@mnisek.sk;
starosta@nalepkovo.sk;
sekretariat@prakovce.sk;
richnava@richnava.sk;
obec@smolnickahuta.sk;
starosta@smolnik.sk;
obec.staravoda@gmail.com;
obec@svedlar.sk;
obec@uhorna.sk;
obecvelkyfolkmar@gmail.com;
zavadkaobec@gmail.com;
zakarovce@zakarovce.sk;
;
Okres Michalovce;
oubajany@zoznam.sk;
banovcenadondavou@gmail.com;
obec.besa@zoznam.sk;
obecbracovce@centrum.sk;
obecbudince@centrum.sk;
obecbudkovce@centrum.sk;
cecehov@cecehov.sk;
cicarovce@sivinet.sk;
ciernepole@centrum.sk;
obec.drahnov@gmail.com;
obecdubravka@minet.sk;
ocufalkusovce@centrum.sk;
obec.hatalov@gmail.com;
obechazin@gmail.com;
obechnojne20@gmail.com;
obec@obechorovce.sk;
obecinacovce@lekosonline.sk;
ocu.izkovce@centrum.sk;
obecjastrabie@gmail.com;
jovsa@jovsa.sk;
ocu.kacanov@minet.sk;
urad@kaluza.sk;
obeck.klacany@gmail.com;
obec@klokocovmi.sk;
krasnovce@minet.sk;
krisovskalieskova@atknet.sk;
sekretariat@kusin.sk;
obeclastomir@minet.sk;
ocu.laskovce@post.sk;
obeclesne@gmail.com;
starosta.lozin@gmail.com;
oculucky@pobox.sk;
oumalcice@minet.sk;
obecmaleraskovce@centrum.sk;
ocumarkovce@minet.sk;
ocumatvoj@gmail.com;
msumi@msumi.sk;
moravany@obecmoravany.sk;
nacinaves@nacinaves.sk;
oborin@oborin.eu;
oreske@3gpsnet.sk;
oupalin@minet.sk;
pavlovce@pavlovce.sk;
oupetrikovce@stonline.sk;
ocu-petrovce@dalnet.sk;
poruba@poruba.eu;
ocu.pozdisovce@inmail.sk;
ptruksa@pobox.sk;
pustecemerne@minet.sk;
ocurakovec@gmail.com;
imrich.lakatos73@gmail.com;
ousenne@gmail.com;
slavkovce@minet.sk;
ou.sliepkovce@gecom.sk;
starosta@obecstare.sk;
strazske@strazske.sk;
starosta@stretava.sk;
stretavka@minet.sk;
suche@minet.sk;
samudovce@wmx.sk;
info@obectrhoviste.sk;
ocu@trnavaprilaborci.sk;
ocutusice@obectusice.sk;
starosta@tusickanovaves.sk;
mestsky.urad@vkapusany.sk;
ou@velkeraskovce.sk;
slemence@post.sk;
vinne@vinne.sk;
ouv@centrum.sk;
obecvola@gmail.com;
obecvrbnica@centrum.sk;
obec.vysoka@obecvysokanaduhom.sk;
starosta@zaluzice.sk;
obeczavadka36@gmail.com;
ocu-zbudza@dalnet.sk;
zemplinskasiroka@minet.sk;
zkopcany@minet.sk;
ocu@zbince.sk;
;
Okres Rožňava;
starosta@obecardovo.sk;
obecbetliar@hotmail.com;
obecbohunovo@gmail.com;
obecborka@gmail.com;
obec.brdarka@gmail.com;
obecbretka@centrum.sk;
oubrzotin@obecbrzotin.sk;
obec@obecciernalehota.sk;
coltovo@gmail.com;
sekretariat@obeccucma.sk;
ocu.dedinky@gmail.com;
obec.dlhaves@gmail.com;
dobsina@dobsina.sk;
obec.drnava@centrum.sk;
obec.gemerskahorka.eu;
gemerska.panica@gmail.com;
obec@gemerskapoloma.sk;
obec.gocaltovo@gmail.com;
obec@gocovo.sk;
obechankova@gmail.com;
starostahenckovce@gmail.com;
obec.honce@gmail.com;
hrhov@hrhov.sk;
starosta@obechrusov.sk;
starostajnt@jablonovnt.sk;
obecjovice@veganet.sk;
kecovo.obec@gmail.com;
obec@kobeliarovo.sk;
obeckocelovce@azet.sk;
obec@kovacova.net;
obeckdl@gmail.com;
obec@obeckrasnohorskepodhradie.sk;
obec.kruzna@kidrv.sk;
ocukt127@gmail.com;
obec.lipovnik@kidrv.sk;
obeclucka@gmail.com;
obec.markuska@centrum.sk;
obec@meliata.sk;
niznaslanapodatelna@gmail.com;
obec@obecochtina.sk;
obec.paca@centrum.sk;
obec@paskova.sk;
obecpetrovo@centrum.sk;
"	starostka@obecplesivec.sk";
obec@rakovnica.sk;
starosta@rejdova.sk;
rochovce@gmail.com;
obecrostar@gmail.com;
primator@roznava.sk;
obec@roznavskebystre.sk;
obecnyurad@obecrudna.sk;
obec.silica@mail.t-com.sk;
obecsb@gmail.com;
obec.silickajablonica@gmail.com;
obec@slavec.sk;
obec.slavoska@gmail.com;
ou@slavosovce.sk;
obec.stratena46@gmail.com;
obecnyurad@obecstitnik.sk;
obec@vlachovo.eu;
starosta@vysnaslana.sk;
;
Okres Sobrance;
obec.baskovce.he@gmail.com;
benatina@lekosonline.sk;
oubezovce@lekosonline.sk;
blatnapolianka@lekosonline.sk;
blatneremety1@gmail.com;
bl.revistia@minet.sk;
obec@bunkovce.sk;
obec.fekisovce@szm.sk;
hlivistia@lekosonline.sk;
horna@interdum.sk;
obechusak@lekosonline.sk;
ouchonkovce@minet.sk;
sekretariat@inovce.sk;
jasenov1@post.sk;
obecjenkovce@lekosonline.sk;
konus@lekosonline.sk;
koromla.obec@gmail.com;
obeckrcava@lekosonline.sk;
kristy@lekosonline.sk;
obeclekarovce@lekosonline.sk;
oun.nrybnica@azet.sk;
nizne.nemecke@centrum.sk;
obecorechova@lekosonline.sk;
ocuostrov@gmail.com;
starosta@petrovcehuta.sk;
ocupinkovce@vknet.sk;
podhorod@podhorod.sk;
porostov@lekosonline.sk;
obec@porubka.sk;
ocupriekopa@lekosonline.sk;
urad@remetskehamre.sk;
ruskabystra@lekosonline.sk;
ruskovce@post.sk;
ocuruskyhrabovec@centrum.sk;
sejkov@lekosonline.sk;
primator@sobrance.sk;
starostasvatus@centrum.sk;
ocutasula@centrum.sk;
ocu.tibava@lekosonline.sk;
obecubrez@minet.sk;
ocu.vr25@gmail.com;
ocuvojnatina@minet.sk;
vysnarybnica@lekosonline.sk;
obecvysnenemecke@gmail.com;
vysneremety@lekosonline.sk;
ocu.zahor@lekosonline.sk;
;
Okres Spišská Nová Ves;
arnutovce@gmail.com;
starosta@betlanovce.sk;
obecbystrany@gmail.com;
danisovce@obecdanisovce.eu;
starosta@harichovce.sk;
obec.hincovce@gmail.com,;
sekretariat@obechnilcik.sk;
hnilec@t-zones.sk;
obec@hrabusice.sk;
starosta@chrastnadhornadom.sk;
 starostka@iliasovce.sk;
starosta@jamnik-spis.sk;
obec@kalava.sk;
starosta@kolinovce.sk;
sekretariat@krompachy.sk;
obecletanovce@letanovce.eu;
obec@lieskovany.sk;
starostaocu@markusovce.sk;
starosta@obecmatejovcenadhornadom.sk;
starosta@mlynky.sk;
starosta@obecodorin.sk;
ouolcnava@gmail.com;
obecolsavka37@gmail.com;
obecporac@demax.sk;
starosta@rudnany.sk;
obecslatvina@gmail.com;
maria.kopnicka@slovinky.dcom.sk;
smizany@smizany.sk;
radnica@mestosnv.sk;
sekretariat@spissketomasovce.sk;
msuspv@spisskevlachy.sk;
sphrusov@levonetmail.sk;
starosta@teplicka.sk;
obecvitkovce@levonetmail.sk;
starosta@vojkovce.sk;
starosta@obeczehra.sk;
;
Okres Trebišov;
obecbacka130@gmail.com;
obecbackov@centrum.sk;
obecbara@gmail.com;
ocubiel@gmail.com;
ocu.bol@gmail.com;
obecborsa@dornet.sk;
obecbotany@gmail.com;
obecbrehov@trenet.sk;
obecbrezina@slovanet.sk;
obecbysta@centrum.sk;
obec.cejkov1@gmail.com;
starosta@celovce.sk;
obeccerhov@zoznam.sk;
starostkacernochov@gmail.com;
oucierna@cierna.eu;
primator@ciernanadtisou.sk;
dargov@trenet.sk;
obecdobra@gmail.com;
obecdvorianky@centrum.sk;
obecegres@obecegres.sk;
sekretariat@hran.sk;
ou.hrcel@trenet.sk;
starostahriadky@centrum.sk;
ocu.kasov@gmail.com;
starosta@kazimir.sk;
klinnadbodrogom@gmail.com;
obec.kozuchov@centrum.sk;
primator@kralovskychlmec.sk;
ocukravany@minet.sk;
obec@kuzmice.eu;
obeckysta@azet.sk;
obecladmovce@gmail.com;
obeclastovce@gmail.com;
leles62@hotmail.com;
obecluhyna@zoznam.sk;
malatrna@gmail.com;
starosta@maleozorovce.sk;
obec.maletrakany@post.sk;
malyhores@dornet.sk;
agnes.mate@maly-kamenec.dcom.sk;
obecmichalany@michalany.eu;
obecniznyzipov@gmail.com;
ocunovosad@gmail.com;
novyruskov@mail.viapvt.sk;
ocu@parchovany.sk;
ocu@plechotice.sk;
obecpolany@gmail.com;
obecpribenik@gmail.com;
ocurad@centrum.sk;
primator@secovce.sk;
obecsirnik@trenet.sk;
slivnik@slivnik.sk;
obec@slovenskenovemesto.sk;
obecnyuradsolnicka@gmail.com;
obecsomotor@gmail.com;
obecstanca@centrum.sk;
stankovce@minet.sk;
ocu.strazne@post.sk;
info@stredanadbodrogom.sk;
obec.svatamaria@gmail.com;
obecsvatuse@gmail.com;
obec.svinice@pobox.sk;
primator@trebisov.sk;
sekretariat@obectrnavka.eu;
ocu@velaty.sk;
obecvelkatrna@post.sk;
ocuvozorovce@slovanet.sk;
obec@velketrakany.sk;
velkyhores@gmail.com;
kamenec@post.sk;
obecvinicky@kid.sk;
obec.visnov@azet.sk;
vojcice1@gbs.eu.sk;
starosta@vojka.eu;
ocuzatin@centrum.sk;
obeczbehnov@post.sk;
ocuzemplin@gmail.com;
o.ouznves@gmail.com;
ocuzteplica@slovanet.sk;
obec@zemplinskehradiste.sk;
sekretariat@zemplinskejastrabie.sk;
obeczbranc@trenet.sk;
;
;
Žilinský kraj;
;
Okres Bytča;
primator@bytca.sk;
obec@hlbokenadvahom.info;
ou@hvozdnica.sk;
jablonove@jablonove.sk;
obeckolarovice@compnet.sk;
ocukotesova@kotesova.info;
podatelna@marsovarasov.sk;
obecpetrovice@obecpetrovice.info;
obecnyurad@predmier.sk;
urad@sulov-hradna.sk;
starosta@stiavnik.sk;
rovne@velkerovne.sk;
;
Okres Čadca;
sekretariat@mestocadca.sk;
sekretariat@obeccierne.sk;
obec.dnk@gmail.com;
obec@dunajov.sk;
starostka@klokocov.sk;
obec@klubina.sk;
korna@korna.sk;
primator@mestokrasno.sk;
makov@makov.sk;
starosta@novabystrica.sk;
urad@obecolesna.sk;
oscadnica@oscadnica.sk;
obec@podvysoka.sk;
radostka@radostka.sk;
rakova@rakova.sk;
obec@skalite.sk;
starabystrica@starabystrica.sk;
starosta@staskov.sk;
obec@svrcinovec.sk;
msu@turzovka.sk;
obec@vysokanadkysucou.sk;
obec@zakopcie.sk;
starosta@zborovnadbystricou.sk;
;
Okres Dolný Kubín;
starosta@bziny.eu;
dlhanadoravou@dlhanadoravou.sk;
primator@dolnykubin.sk;
ouhornalehota@orava.sk;
starosta@chlebnice.sk;
starosta@istebne.sk;
starosta@jasenova.sk;
obec@obeckralovany.sk;
oukriva@orava.sk;
starosta@obeclestiny.sk;
obecny.urad@malatina.sk;
sekretariat@medzibrodienadoravou.sk;
info@oravskaporuba.sk;
starosta@oravskypodzamok.sk;
osadka.ocu@gmail.com;
ocuparnica@dkubin.sk;
obecpokryvac@gmail.com;
ocupribis@pribis.sk;
obecny.urad@pucov.sk;
obec@sedliackadubova.sk;
obec@velicna.sk;
obec@vysnykubin.sk;
starosta@zazriva.com;
starosta@zaskov.sk;
;
Okres Kysúcke Nové Mesto;
obec@dolny-vadicov;
urad@hornyvadicov.sk;
primator@kysuckenovemesto.sk;
obecnyurad@kysuckylieskovec.sk;
obec-lodno@obec-lodno.sk;
urad@obeclopusnepazite.sk;
obec@neslusa.sk;
obec@ochodnica.sk;
info@obec-povina.sk;
starosta@radola.sk;
starosta@rudina.sk;
obec@rudinka.sk;
rudinska@rudinska.sk;
sneznica@sneznica.sk;
;
Okres Liptovský Mikuláš;
oubenadikova@bnadikova.sk;
obec@bobrovcek.sk;
bobrovec@bobrovec.eu;
obec@obecbobrovnik.sk;
bukovina@gmail.com;
urad@demanovskadolina.info;
starosta@obecdubrava.sk;
ougalovany@alconet.sk;
ougotovany@alconet.sk;
obec@huty.sk;
hybe@hybe.sk;
ocu.izipovce@gmail.com;
obec@jakubovany.sk;
oujalovec@alconet.sk;
starosta@jamnik.sk;
obeckonskalm@gmail.com;
obec.klehota@hradok.net;
obec@kvacanylm.sk;
lazisko@lazisko.sk;
obecliptovskaanna@post.sk;
obec@liptovskakokava.sk;
obec.lporubka@gmail.com;
obecls@liptsielnica.sk;
liptovskebeharovce@alconet.sk;
liptovske.klacany@gmail.com;
lmatiasovce@citycom.sk;
branislav.treger@lhr.sk;
starosta@liptovskyjan.sk;
lmikulas@mikulas.sk;
obec@liptovskyondrej.sk;
papajova@liptovskypeter.sk;
trnovec@alconet.sk;
lubela@lubela.sk;
obec.malatiny@gmail.com;
obecmaleborove@gmail.com;
starosta@obecmaluzina.sk;
obec@niznaboca.sk;
ou@partizanskalupca.com;
obec@pavcina-lehota.sk;
oupavlovaves@stuffnet.sk;
obec@podturen.sk;
pribylina@pribylina.sk;
podatelna@prosiek.sk;
smrecany@smrecany.sk;
ousvatykriz@alconet.sk;
obec@trstene.sk;
obecuhorskaves@alconet.sk;
obec@vavrisovo.sk;
 obecvazec@obecvazec.sk;
velkeborove@orangemail.sk;
vetporuba@alconet.sk;
info@obecvlachy.sk;
starosta@vychodna.eu;
starosta@vysnaboca.sk;
obec@zavaznaporuba.sk;
ziar@obecziar.sk;
;
Okres Martin;
obec@beladulice.sk;
oubenice@gaya.sk;
starosta@blatnica.sk;
bystricka@bystricka.sk;
danova@danova.sk;
podatelna@diakova.sk;
ou@dolnykalnik.sk;
eva.gaborova@obecdrazkovce.sk;
obecfolkusova@gmail.com;
obechornykalnik@gmail.com;
obeckarlova@zoznam.sk;
obecklastor@obecklastor.sk;
starosta@kostanynadturcom.sk;
podatelna@krpelany.sk;
laskar@gaya.sk;
leziachov@gaya.sk;
starostka@lipovec.sk;
msu@martin.sk;
podatelna@necpaly.sk;
obecnolcovo@tipnet.sk;
starosta@podhradie-martin.sk;
ocu@obecpribovce.sk;
obec@rakovo.sk;
obec@ratkovo.sk;
posta@obecsklabina.sk;
obec@sklabinskypodzamok.sk;
obecslovany@etelmail.sk;
obecnyurad@socovce.sk;
ocu@sucany.sk;
trebostovo@trebostovo.sk;
obec@trnovo.sk;
turany@turany.sk;
starosta@tstiavnicka.sk;
obecjaseno@gaya.sk;
obec@turcianskeklacany.sk;
obecturcianskydur@centrum.sk;
ocu.turc.peter@gaya.sk;
podatelna@obecvalca.sk;
podatelna@vricko.sk;
vrutky@vrutky.sk;
ou.zaborie@gmail.com;
starosta@zabokreky.sk;
;
Okres Námestovo;
obecbabin@orava.sk;
benadovo@gmail.com;
obecbobrov@obecbobrov.sk;
breza@orava.sk;
ocuhrustin@orava.sk;
obecklin@klin.sk;
oukrusetnica@orava.sk;
oculokca@orava.sk;
starostalomna@orava.sk;
obec@mutne.sk;
sekretariat@namestovo.sk;
obec@novot.sk;
obec@oravskajasenica.sk;
obecnyurad@oravskalesna.sk;
starosta@oravskapolhora.sk;
starosta.maslanak@oravskevesele.sk;
rabca@rabca.sk;
ocu@rabcice.sk;
ousihelne@orava.sk;
ou@obectapesovo.sk;
ouvasilov@orava.sk;
ouvavrecka@orava.sk;
zakamenne@zakamenne.sk;
obeczubrohlava@orava.sk;
;
Okres Ružomberok;
besenova@besenova.sk;
urad@obechubova.sk;
ou@ivachnova.sk;
zastupitelstvo@kalameny.sk;
obec.komjatna@gmail.com;
obec@likavka.sk;
starosta@liptovskaluzna.sk;
obec@liptovskaosada.com;
obec@liptovskastiavnica.sk;
podatelna@liptovskatepla.sk;
obec@liptovskerevuce.sk;
urad@liptovskesliace.sk;
obecliptovskymichal@gmail.com;
info@liskova.sk;
obec@lubochna.sk;
starosta@obec-lucky.sk;
ludrova@ludrova.sk;
ou@martincek.sk;
starostapotok@zoznam.sk;
ruzomberok@ruzomberok.sk;
obec@stankovany.sk;
stiavnicka@stiavnicka.sk;
obec@svosov.sk;
info@obecturik.sk;
starosta@valaskadubova.sk;
;
Okres Turčianske Teplice;
uobecny5@gaya.sk;
obecblazovce@gmail.com;
bodorova@gaya.sk;
obec.borcova@gmail.com;
obecbriestie@gmail.com;
sekretariat@obecbudis.sk;
obec.cremosne@gmail.com;
dubove@dubove.sk;
urad@obechaj.sk;
obecnyurad@hornastubna.sk;
starosta@jasenovo.sk;
jazernica@gaya.sk;
starosta@kalamenova.sk;
obecny@gaya.sk;
starosta@malycepcin.sk;
pddrazkovce@gaya.sk;
mosovce@mosovce.sk;
obec.ondrasova@centrum.sk;
obec@raksa.sk;
uradrudno@gaya.sk;
skl-obecnyurad@gaya.sk;
starosta@obecslovenskepravno.sk;
obecturcek@gmail.com;
primator@turciansketeplice.sk;
podatelna@velkycepcin.sk;
;
Okres Tvrdošín;
oubrezovica@orava.sk;
obeccimhova@obeccimhova.sk;
obec@habovka.sk;
ocuhladovka@orava.sk;
starosta@obecliesek.sk;
obec@nizna.sk;
oravskybielypotok@bsk.sk;
podbiel@podbiel.sk;
obec@suchahora.eu;
obecstefanov@oravanet.sk;
msu@trstena.sk;
tvrdosin@tvrdosin.sk;
obec-vitanova@slovanet.sk;
zabiedovo@oravanet.sk;
obec@zuberec.sk;
;
Okres Žilina;
sekretariat@bela.sk;
starosta@obecbitarova.sk;
obecbrezany@obecbrezany.sk;
obec@obeccicmany.info;
starosta.divina@gmail.com;
obecdivinka@gmail.com;
starostka@obecdlhepole.sk;
obec@obecdolnatizina.sk;
dolnyhricov@gmail.com;
obecdurcina@obecdurcina.sk;
urad@obecfackov.sk;
gbelany@gbelany.eu;
obec@obechorky.sk;
starosta@hornyhricov.sk;
starosta@hricovskepodhradie.sk;
obecjasenove@rajec.net;
obec@obeckamennaporuba.sk;
ocuklace@rajec.net;
obecnyurad@obeckonska.sk;
ocu@kotrcinalucka.sk;
krasnany@obeckrasnany.sk;
ou@obeckunerad.sk;
oulietava@lietava.info;
obec@lietavskalucka.sk;
obec@obeclietsvinnababkov.info;
obeclutise@lutise.sk;
info@obeclysica.sk;
malaciernaobec@azet.sk;
obecnyurad@mojs.sk;
sekretariat@nededza.eu;
obec@nezbudskalucka.sk;
obecovciarsko@gmail.com;
obec@pastinazavada.sk;
podhorie@obecpodhorie.info;
ouporubka@obecporubka.sk;
msu@rajec.sk;
info@rajeckalesna.info;
sekretariat@rajecke-teplice.sk;
info@obecrosina.sk;
stranavy@stranavy.sk;
podatelna@stranske.sk;
oustraza@gmail.com;
obec@strecno.sk;
urad@svedernik.info;
obecsuja@centrum.sk;
obec@teplickanadvahom.sk;
terchova@terchova.sk;
obecturie@rajec.net;
obecnyurad@varin.sk;
obecvelkacierna@gmail.com;
urad@visnove.sk;
zbynov@rajec.net;
primator@zilina.sk;
;
Banskobystrický kraj;
;
Okres banská bystrica;
badin@obecbadin.sk;
starosta@balaze.sk;
kancelariaprimatora@banskabystrica.sk;
obec@brusno.sk;
pavel.kmet@cerin.sk;
info@dolnamicina.sk;
ou@dolnyharmanec.sk;
obec@donovaly.sk;
obec@dubravica.sk;
obec@harmanec.sk;
hiadel@hiadel.sk;
hornamicina@gmail.com;
obec@horneprsany.sk;
hrochot@hrochot.sk;
obec@hronsek.sk;
obeckordiky@obeckordiky.sk;
obec@obeckraliky.sk;
kyncelova@kyncelova.sk;
obec@lubietova.sk;
obeclucatin@lucatin.eu;
ou@malachov.sk;
urad@obecmedzibrod.sk;
starosta@molca.sk;
ocumostenica@orangemail.sk;
motyckyobec@gmail.com;
obec@nemce.sk;
obec@oravce.sk;
podkonice@podkonice.sk;
obec.pohronskybukovec@zoznam.sk;
poniky@poniky.sk;
povraznik@povraznik.sk;
obec@priechod.sk;
obec@riecka.sk;
podatelna@sebedinbecov.sk;
ouselce@selce.sk;
starosta@slovenskalupca.sk;
starosta@starehory.sk;
strelniky@strelniky.sk;
obec@spaniadolina.sk;
obectajov@obectajov.sk;
starosta@obecturecka.sk;
obec@vlkanova.sk;
;
Okres Banská Štiavnica;
starostka@badan.sk;
starosta@banskabela.sk;
msu@banskastiavnica.sk;
podatelna@banskystudenec.sk;
starosta@obecbeluj.sk;
starosta@dekys.sk;
starosta@obecilija.sk;
ocukozelnik@gmail.com;
obecmociar@gmail.com;
obec.pocuvadlo@gmail.com;
obecnyurad@podhorie.sk;
starostka@prencov.sk;
ocu@svatyanton.sk;
obec@stiavnickebane.com;
starosta@obecvysoka.sk;
;
Okres Brezno;
starosta@bacuch.sk;
obecbenus@gmail.com;
obecbravacovo@bravacovo.sk;
primator@brezno.sk;
bystra@bystra.sk;
ciernybalog@ciernybalog.sk;
dolnalehota@zoznam.sk;
obecdrabsko@gmail.com;
helpa@helpa.sk;
obec@horna-lehota.sk;
sekretariat@obechronec.sk;
obecnyurad@jaraba.sk;
obec@jasenie.sk;
obecnyurad@lnr.sk;
oumichalova@michalova.sk;
 ou@mytopoddumbierom.sk;
ou@nemecka.info;
obec@osrblie.sk;
starosta@podbrezova.sk;
obec@pohorela.sk;
ppolhora@ppolhora.sk;
starosta@polomka.sk;
obecpredajna@gmail.com;
raztoka@slovanet.sk;
obecsihla@gmail.com;
obecnyurad@sumiac.sk;
info@obectelgart.sk;
starosta@valaska.sk;
obecvalkovna@valkovna.sk;
starosta@zavadkanadhronom.sk;
;
Okres Detva;
sekretariat@detva.sk;
obec.dh@gmail.com;
obec@dubravy.sk;
htisovnik@podpolanou.sk;
mestskyurad@hrinova.sk;
obec@klokoc.sk;
sekretariat@korytarky.sk;
starosta@obeckrivan.sk;
starosta@obeclatky.sk;
obecpodkrivan@gmail.com;
slatinske@lazy.sk;
starosta@obecstarahuta.sk;
stozok@stozok.sk;
starosta@viglas.net;
obecvhk@celeritas.sk;
;
Okres Krupina;
obecnyuradbzovik@gmail.com;
cerovo3@gmail.com;
obec@cabradskyvrbovok.sk;
starosta@cekovce.sk;
ocudevicie@gmail.com;
obec.dolnemladonice@gmail.com;
obecdolnybadin@zvnet.net;
obecdomaniky@gmail.com;
obecdrazovce@zoznam.sk;
obecdrienovo@gmail.com;
msu@dudince-mesto.sk;
urad@moravce.sk;
obec@hontianskenemce.sk;
obec@honttesare.sk;
starosta@hornemladonice.sk;
obechornybadin@gmail.com;
obecjalsovik@gmail.com;
starosta@kozivrbovok.sk;
obec@kralovce-krnisov.sk;
krupina@krupina.sk;
obeclackov@hotmail.sk;
obec@ladzany.sk;
lisov@lisov.sk;
starosta@obeclitava.sk;
obecmedovarce@gmail.com;
obecrykyncice@gmail.com;
starosta@sebechleby.com;
starosta@obecselce.sk;
starostka@senohrad.sk;
starosta@sudince.sk;
obecsudovce@zoznam.sk;
obecterany@obecterany.sk;
obectrpin@centrum.sk;
obec.unatin@gmail.com;
obeczemianskyvrbovok@gmail.com;
obec.zibritov@azet.sk;
;
Okres Lučenec;
obec.abelova@gmail.com;
obecbelina@centrum.sk;
obecbiskupice@gmail.com;
bolkovce@slovanet.sk;
obecbudina@tuhar.net;
bulhary@hotmail.com;
obecbuzitka@gmail.com;
obeccakanovce@obeccakanovce.sk;
camovce@gmail.com;
starosta@divin.sk;
podatelna@dobroc.sk;
mesto@filakovo.sk;
filkovace@gmail.com;
starosta@gregorovavieska.sk;
starosta@obechalic.sk;
starosta@ocuholisa.sk;
starosta@jelsovec.sk;
obeckalonda@gmail.com;
obec@kotmanova.sk;
starosta@lehotka.sk;
obeclentvora@gmail.com;
lipovany@dkn.sk;
starosta@lovinobana.sk;
obec@luborec.sk;
msu@lucenec.sk;
obeclupoc@gmail.com;
obec.maskova@gmail.com;
mikusovce@centrum.sk;
podatelna@mucin.sk;
obec@mytna.sk;
obecnitra@gmail.com;
starosta@novehony.sk;
obec@panickedravce.sk;
pilaobec@gmail.com;
obec@pincina.sk;
obecnyurad.ples@centrum.sk;
obec@podrecany.sk;
polichno@polichno.sk;
obecpraha@azet.sk;
ocu.prsa@centrum.sk;
starosta@radzovce.sk;
rapovce@dkn.sk;
starosta.ratka@gmail.com;
starosta.ruzina@gmail.com;
starosta@starahalic.sk;
ocu.savol@gmail.com;
ocusiat.buk@gmail.com;
obecsid@hotmail.com;
obecsurice@zoznam.sk;
obec@tocnica.sk;
obec@tomasovce.sk;
obectrebelovce@dkn.sk;
trenc@lucenec.net;
obecnyurad@tuhar.sk;
starosta@velkanadiplom.sk;
obecvelkedravce@gmail.com;
obec@vidina.sk;
;
Okres Poltár;
starosta@obecbreznicka.sk;
ocucinobana@cinobana.sk;
starosta@ceskebrezovo.sk;
obec@hradiste.sk;
hrnciarskaves@gmail.com;
ou@hrnciarskezaluzany.sk;
obec@kalinovo.sk;
obec@kokava.sk;
obeckrna@gmail.com;
starosta@malinec.sk;
obecmladzovo@gmail.com;
sekretariat@ozdin.sk;
mesto@poltar.sk;
starosta@rovnany.sk;
selcegemer@gmail.com;
osusany@post.sk;
starosta@soltyska.sk;
obec.uhorske@ma-net.sk;
starosta@obecutekac.sk;
velkaves@velkaves.sk;
starosta@obeczlatno.sk;
;
Okres Revúca;
starosta@obecdrzkovce.sk;
 ougemer@centrum.sk ;
starosta@gemerskaves.sk;
ou@gemerske-teplice.sk;
starosta@gemerskysad.sk;
obechrlica@centrum.sk;
obechucin687@gmail.com;
obecny-urad@obec-chvalova.sk;
starosta@obecchyzne.sk;
primator@jelsava.sk;
obeckamenany1@gmail.com;
obec.levare@azet.sk;
sekretariat@obeclevkuska.sk;
obeclicince@azet.sk;
starosta@obeclubenik.sk;
sekretariat@magnezitovce.sk;
info@mokraluka.eu;
starosta@muran.sk;
starosta@muranskadlhaluka.sk;
starosta@muranskahuta.sk;
starosta@muranskalehota.sk;
muranska.zdychava@gmail.com;
starosta@nandraz.sk;
starosta@otrocok.sk;
obecploske@centrum.sk;
obecpolina@gmail.com;
obecprihradzany@gmail.com;
starosta@obec-rakos.sk;
rasice@post.sk;
podatelna@obecratkova.sk;
starosta@ratkovskebystre.sk;
primator@revuca.sk;
revuckalehota@ferdonet.sk;
obecrybnik@gmail.com;
obec.sasa@pobox.sk;
starosta@obecsirk.sk;
obec.skeresovo@gmail.com;
obecsivetice@centrum.sk;
primator@mestotornala.sk;
starosta@obec-turcok.sk;
obecvisnove@zoznam.sk;
zcsizmadia@post.sk;
